targetid,clase_aprox,error
39628147557143345,O,"HTTPSConnectionPool(host='astrosparcl.datalab.noirlab.edu', port=443): Read timed out. (read timeout=3.1)"
39628328444888236,B,"[RTIMEOUT] Try increasing the value of the ""read_timeout"" parameter to ""SparclClient()"". The current values is: 5400.0 (seconds)HTTPSConnectionPool(host='astrosparcl.datalab.noirlab.edu', port=443): Read timed out. (read timeout=3.1)"
2305843021742082408,B,"[RTIMEOUT] Try increasing the value of the ""read_timeout"" parameter to ""SparclClient()"". The current values is: 5400.0 (seconds)HTTPSConnectionPool(host='astrosparcl.datalab.noirlab.edu', port=443): Read timed out. (read timeout=3.1)"
39628528295085218,B,"HTTPSConnectionPool(host='astrosparcl.datalab.noirlab.edu', port=443): Read timed out. (read timeout=3.1)"
39627794358992963,B,"[RTIMEOUT] Try increasing the value of the ""read_timeout"" parameter to ""SparclClient()"". The current values is: 5400.0 (seconds)HTTPSConnectionPool(host='astrosparcl.datalab.noirlab.edu', port=443): Read timed out. (read timeout=3.1)"
2305843036434736339,B,"[RTIMEOUT] Try increasing the value of the ""read_timeout"" parameter to ""SparclClient()"". The current values is: 5400.0 (seconds)HTTPSConnectionPool(host='astrosparcl.datalab.noirlab.edu', port=443): Read timed out. (read timeout=3.1)"
2305843018923528918,B,"[RTIMEOUT] Try increasing the value of the ""read_timeout"" parameter to ""SparclClient()"". The current values is: 5400.0 (seconds)HTTPSConnectionPool(host='astrosparcl.datalab.noirlab.edu', port=443): Read timed out. (read timeout=3.1)"
39628413861891870,B,"HTTPSConnectionPool(host='astrosparcl.datalab.noirlab.edu', port=443): Read timed out. (read timeout=3.1)"
39627660770411148,B,"HTTPSConnectionPool(host='astrosparcl.datalab.noirlab.edu', port=443): Read timed out. (read timeout=3.1)"
39627930174754176,B,"[RTIMEOUT] Try increasing the value of the ""read_timeout"" parameter to ""SparclClient()"". The current values is: 5400.0 (seconds)HTTPSConnectionPool(host='astrosparcl.datalab.noirlab.edu', port=443): Read timed out. (read timeout=3.1)"
39627951439877791,B,"HTTPSConnectionPool(host='astrosparcl.datalab.noirlab.edu', port=443): Read timed out. (read timeout=3.1)"
2305843021737894136,A,"[RTIMEOUT] Try increasing the value of the ""read_timeout"" parameter to ""SparclClient()"". The current values is: 5400.0 (seconds)HTTPSConnectionPool(host='astrosparcl.datalab.noirlab.edu', port=443): Read timed out. (read timeout=3.1)"
39627826516724662,F,"[RTIMEOUT] Try increasing the value of the ""read_timeout"" parameter to ""SparclClient()"". The current values is: 5400.0 (seconds)HTTPSConnectionPool(host='astrosparcl.datalab.noirlab.edu', port=443): Read timed out. (read timeout=3.1)"
39628423479428098,F,"HTTPSConnectionPool(host='astrosparcl.datalab.noirlab.edu', port=443): Read timed out. (read timeout=3.1)"
39628025272207850,F,"HTTPSConnectionPool(host='astrosparcl.datalab.noirlab.edu', port=443): Read timed out. (read timeout=3.1)"
39628477816641002,G,"[UNKSPARC] ConnectTimeout: HTTPSConnectionPool(host='astrosparcl.datalab.noirlab.edu', port=443): Max retries exceeded with url: /api/spectras/?include=ivar%2Cspecid%2Cflux%2Cmodel%2Csparcl_id%2Cwavelength&format=pkl (Caused by ConnectTimeoutError(<HTTPSConnection(host='astrosparcl.datalab.noirlab.edu', port=443) at 0x119718cd0>, 'Connection to astrosparcl.datalab.noirlab.edu timed out. (connect timeout=3.1)'))"
39628502634334329,G,"HTTPSConnectionPool(host='astrosparcl.datalab.noirlab.edu', port=443): Max retries exceeded with url: /api/find/?limit=500 (Caused by ConnectTimeoutError(<HTTPSConnection(host='astrosparcl.datalab.noirlab.edu', port=443) at 0x119718910>, 'Connection to astrosparcl.datalab.noirlab.edu timed out. (connect timeout=3.1)'))"
39628512268651109,G,"HTTPSConnectionPool(host='astrosparcl.datalab.noirlab.edu', port=443): Max retries exceeded with url: /api/find/?limit=500 (Caused by ConnectTimeoutError(<HTTPSConnection(host='astrosparcl.datalab.noirlab.edu', port=443) at 0x119718e10>, 'Connection to astrosparcl.datalab.noirlab.edu timed out. (connect timeout=3.1)'))"
39628426717436075,G,"HTTPSConnectionPool(host='astrosparcl.datalab.noirlab.edu', port=443): Max retries exceeded with url: /api/find/?limit=500 (Caused by ConnectTimeoutError(<HTTPSConnection(host='astrosparcl.datalab.noirlab.edu', port=443) at 0x119718a50>, 'Connection to astrosparcl.datalab.noirlab.edu timed out. (connect timeout=3.1)'))"
39632941604671535,G,"HTTPSConnectionPool(host='astrosparcl.datalab.noirlab.edu', port=443): Max retries exceeded with url: /api/find/?limit=500 (Caused by ConnectTimeoutError(<HTTPSConnection(host='astrosparcl.datalab.noirlab.edu', port=443) at 0x1197196d0>, 'Connection to astrosparcl.datalab.noirlab.edu timed out. (connect timeout=3.1)'))"
39628511006163027,G,"HTTPSConnectionPool(host='astrosparcl.datalab.noirlab.edu', port=443): Max retries exceeded with url: /api/find/?limit=500 (Caused by ConnectTimeoutError(<HTTPSConnection(host='astrosparcl.datalab.noirlab.edu', port=443) at 0x119719590>, 'Connection to astrosparcl.datalab.noirlab.edu timed out. (connect timeout=3.1)'))"
39628342760049708,G,"HTTPSConnectionPool(host='astrosparcl.datalab.noirlab.edu', port=443): Max retries exceeded with url: /api/find/?limit=500 (Caused by ConnectTimeoutError(<HTTPSConnection(host='astrosparcl.datalab.noirlab.edu', port=443) at 0x119719950>, 'Connection to astrosparcl.datalab.noirlab.edu timed out. (connect timeout=3.1)'))"
39633178490569245,G,"HTTPSConnectionPool(host='astrosparcl.datalab.noirlab.edu', port=443): Max retries exceeded with url: /api/find/?limit=500 (Caused by ConnectTimeoutError(<HTTPSConnection(host='astrosparcl.datalab.noirlab.edu', port=443) at 0x119719bd0>, 'Connection to astrosparcl.datalab.noirlab.edu timed out. (connect timeout=3.1)'))"
39633179996324058,G,"HTTPSConnectionPool(host='astrosparcl.datalab.noirlab.edu', port=443): Max retries exceeded with url: /api/find/?limit=500 (Caused by ConnectTimeoutError(<HTTPSConnection(host='astrosparcl.datalab.noirlab.edu', port=443) at 0x119719e50>, 'Connection to astrosparcl.datalab.noirlab.edu timed out. (connect timeout=3.1)'))"
39632974936803782,G,"HTTPSConnectionPool(host='astrosparcl.datalab.noirlab.edu', port=443): Max retries exceeded with url: /api/find/?limit=500 (Caused by ConnectTimeoutError(<HTTPSConnection(host='astrosparcl.datalab.noirlab.edu', port=443) at 0x11971a0d0>, 'Connection to astrosparcl.datalab.noirlab.edu timed out. (connect timeout=3.1)'))"
39628430148371515,G,"HTTPSConnectionPool(host='astrosparcl.datalab.noirlab.edu', port=443): Max retries exceeded with url: /api/find/?limit=500 (Caused by ConnectTimeoutError(<HTTPSConnection(host='astrosparcl.datalab.noirlab.edu', port=443) at 0x11971a350>, 'Connection to astrosparcl.datalab.noirlab.edu timed out. (connect timeout=3.1)'))"
39632976392227168,G,"HTTPSConnectionPool(host='astrosparcl.datalab.noirlab.edu', port=443): Max retries exceeded with url: /api/find/?limit=500 (Caused by ConnectTimeoutError(<HTTPSConnection(host='astrosparcl.datalab.noirlab.edu', port=443) at 0x11971a5d0>, 'Connection to astrosparcl.datalab.noirlab.edu timed out. (connect timeout=3.1)'))"
39628228687563096,G,"HTTPSConnectionPool(host='astrosparcl.datalab.noirlab.edu', port=443): Max retries exceeded with url: /api/find/?limit=500 (Caused by ConnectTimeoutError(<HTTPSConnection(host='astrosparcl.datalab.noirlab.edu', port=443) at 0x11971a710>, 'Connection to astrosparcl.datalab.noirlab.edu timed out. (connect timeout=3.1)'))"
39632951171878163,G,"HTTPSConnectionPool(host='astrosparcl.datalab.noirlab.edu', port=443): Max retries exceeded with url: /api/find/?limit=500 (Caused by ConnectTimeoutError(<HTTPSConnection(host='astrosparcl.datalab.noirlab.edu', port=443) at 0x11971a490>, 'Connection to astrosparcl.datalab.noirlab.edu timed out. (connect timeout=3.1)'))"
39633131992517742,G,"HTTPSConnectionPool(host='astrosparcl.datalab.noirlab.edu', port=443): Max retries exceeded with url: /api/find/?limit=500 (Caused by ConnectTimeoutError(<HTTPSConnection(host='astrosparcl.datalab.noirlab.edu', port=443) at 0x11971a210>, 'Connection to astrosparcl.datalab.noirlab.edu timed out. (connect timeout=3.1)'))"
39632974940997048,G,"HTTPSConnectionPool(host='astrosparcl.datalab.noirlab.edu', port=443): Max retries exceeded with url: /api/find/?limit=500 (Caused by ConnectTimeoutError(<HTTPSConnection(host='astrosparcl.datalab.noirlab.edu', port=443) at 0x119719f90>, 'Connection to astrosparcl.datalab.noirlab.edu timed out. (connect timeout=3.1)'))"
39633362758928684,G,"HTTPSConnectionPool(host='astrosparcl.datalab.noirlab.edu', port=443): Max retries exceeded with url: /api/find/?limit=500 (Caused by ConnectTimeoutError(<HTTPSConnection(host='astrosparcl.datalab.noirlab.edu', port=443) at 0x119719d10>, 'Connection to astrosparcl.datalab.noirlab.edu timed out. (connect timeout=3.1)'))"
39632941839550426,G,"HTTPSConnectionPool(host='astrosparcl.datalab.noirlab.edu', port=443): Max retries exceeded with url: /api/find/?limit=500 (Caused by ConnectTimeoutError(<HTTPSConnection(host='astrosparcl.datalab.noirlab.edu', port=443) at 0x119719a90>, 'Connection to astrosparcl.datalab.noirlab.edu timed out. (connect timeout=3.1)'))"
39632976903933659,G,"HTTPSConnectionPool(host='astrosparcl.datalab.noirlab.edu', port=443): Max retries exceeded with url: /api/find/?limit=500 (Caused by ConnectTimeoutError(<HTTPSConnection(host='astrosparcl.datalab.noirlab.edu', port=443) at 0x119719590>, 'Connection to astrosparcl.datalab.noirlab.edu timed out. (connect timeout=3.1)'))"
39633324553013946,G,"HTTPSConnectionPool(host='astrosparcl.datalab.noirlab.edu', port=443): Max retries exceeded with url: /api/find/?limit=500 (Caused by ConnectTimeoutError(<HTTPSConnection(host='astrosparcl.datalab.noirlab.edu', port=443) at 0x1197196d0>, 'Connection to astrosparcl.datalab.noirlab.edu timed out. (connect timeout=3.1)'))"
39633282182153516,G,"HTTPSConnectionPool(host='astrosparcl.datalab.noirlab.edu', port=443): Max retries exceeded with url: /api/find/?limit=500 (Caused by ConnectTimeoutError(<HTTPSConnection(host='astrosparcl.datalab.noirlab.edu', port=443) at 0x119718a50>, 'Connection to astrosparcl.datalab.noirlab.edu timed out. (connect timeout=3.1)'))"
39633057807861152,G,"HTTPSConnectionPool(host='astrosparcl.datalab.noirlab.edu', port=443): Max retries exceeded with url: /api/find/?limit=500 (Caused by ConnectTimeoutError(<HTTPSConnection(host='astrosparcl.datalab.noirlab.edu', port=443) at 0x119718e10>, 'Connection to astrosparcl.datalab.noirlab.edu timed out. (connect timeout=3.1)'))"
39633006746407222,G,"HTTPSConnectionPool(host='astrosparcl.datalab.noirlab.edu', port=443): Max retries exceeded with url: /api/find/?limit=500 (Caused by ConnectTimeoutError(<HTTPSConnection(host='astrosparcl.datalab.noirlab.edu', port=443) at 0x119718910>, 'Connection to astrosparcl.datalab.noirlab.edu timed out. (connect timeout=3.1)'))"
39633110094054043,G,"HTTPSConnectionPool(host='astrosparcl.datalab.noirlab.edu', port=443): Max retries exceeded with url: /api/find/?limit=500 (Caused by ConnectTimeoutError(<HTTPSConnection(host='astrosparcl.datalab.noirlab.edu', port=443) at 0x119718cd0>, 'Connection to astrosparcl.datalab.noirlab.edu timed out. (connect timeout=3.1)'))"
39628497466952392,G,"HTTPSConnectionPool(host='astrosparcl.datalab.noirlab.edu', port=443): Max retries exceeded with url: /api/find/?limit=500 (Caused by ConnectTimeoutError(<HTTPSConnection(host='astrosparcl.datalab.noirlab.edu', port=443) at 0x11971a990>, 'Connection to astrosparcl.datalab.noirlab.edu timed out. (connect timeout=3.1)'))"
39632941600473278,G,"HTTPSConnectionPool(host='astrosparcl.datalab.noirlab.edu', port=443): Max retries exceeded with url: /api/find/?limit=500 (Caused by ConnectTimeoutError(<HTTPSConnection(host='astrosparcl.datalab.noirlab.edu', port=443) at 0x11971ac10>, 'Connection to astrosparcl.datalab.noirlab.edu timed out. (connect timeout=3.1)'))"
39628203790173902,G,"HTTPSConnectionPool(host='astrosparcl.datalab.noirlab.edu', port=443): Max retries exceeded with url: /api/find/?limit=500 (Caused by ConnectTimeoutError(<HTTPSConnection(host='astrosparcl.datalab.noirlab.edu', port=443) at 0x119719810>, 'Connection to astrosparcl.datalab.noirlab.edu timed out. (connect timeout=3.1)'))"
39628352432112724,G,"HTTPSConnectionPool(host='astrosparcl.datalab.noirlab.edu', port=443): Max retries exceeded with url: /api/find/?limit=500 (Caused by ConnectTimeoutError(<HTTPSConnection(host='astrosparcl.datalab.noirlab.edu', port=443) at 0x11971afd0>, 'Connection to astrosparcl.datalab.noirlab.edu timed out. (connect timeout=3.1)'))"
39633052585955704,G,"HTTPSConnectionPool(host='astrosparcl.datalab.noirlab.edu', port=443): Max retries exceeded with url: /api/find/?limit=500 (Caused by ConnectTimeoutError(<HTTPSConnection(host='astrosparcl.datalab.noirlab.edu', port=443) at 0x11971b110>, 'Connection to astrosparcl.datalab.noirlab.edu timed out. (connect timeout=3.1)'))"
39633192474379457,G,"HTTPSConnectionPool(host='astrosparcl.datalab.noirlab.edu', port=443): Max retries exceeded with url: /api/find/?limit=500 (Caused by ConnectTimeoutError(<HTTPSConnection(host='astrosparcl.datalab.noirlab.edu', port=443) at 0x11971ae90>, 'Connection to astrosparcl.datalab.noirlab.edu timed out. (connect timeout=3.1)'))"
39633034865019376,G,"HTTPSConnectionPool(host='astrosparcl.datalab.noirlab.edu', port=443): Max retries exceeded with url: /api/find/?limit=500 (Caused by ConnectTimeoutError(<HTTPSConnection(host='astrosparcl.datalab.noirlab.edu', port=443) at 0x11971ad50>, 'Connection to astrosparcl.datalab.noirlab.edu timed out. (connect timeout=3.1)'))"
39632955085164479,G,"HTTPSConnectionPool(host='astrosparcl.datalab.noirlab.edu', port=443): Max retries exceeded with url: /api/find/?limit=500 (Caused by ConnectTimeoutError(<HTTPSConnection(host='astrosparcl.datalab.noirlab.edu', port=443) at 0x11971aad0>, 'Connection to astrosparcl.datalab.noirlab.edu timed out. (connect timeout=3.1)'))"
39633136715300981,G,"HTTPSConnectionPool(host='astrosparcl.datalab.noirlab.edu', port=443): Max retries exceeded with url: /api/find/?limit=500 (Caused by ConnectTimeoutError(<HTTPSConnection(host='astrosparcl.datalab.noirlab.edu', port=443) at 0x11971a850>, 'Connection to astrosparcl.datalab.noirlab.edu timed out. (connect timeout=3.1)'))"
39628519675793819,G,"HTTPSConnectionPool(host='astrosparcl.datalab.noirlab.edu', port=443): Max retries exceeded with url: /api/find/?limit=500 (Caused by ConnectTimeoutError(<HTTPSConnection(host='astrosparcl.datalab.noirlab.edu', port=443) at 0x1197191d0>, 'Connection to astrosparcl.datalab.noirlab.edu timed out. (connect timeout=3.1)'))"
39632991995040664,G,"HTTPSConnectionPool(host='astrosparcl.datalab.noirlab.edu', port=443): Max retries exceeded with url: /api/find/?limit=500 (Caused by ConnectTimeoutError(<HTTPSConnection(host='astrosparcl.datalab.noirlab.edu', port=443) at 0x119718f50>, 'Connection to astrosparcl.datalab.noirlab.edu timed out. (connect timeout=3.1)'))"
39633077634334859,G,"HTTPSConnectionPool(host='astrosparcl.datalab.noirlab.edu', port=443): Max retries exceeded with url: /api/find/?limit=500 (Caused by ConnectTimeoutError(<HTTPSConnection(host='astrosparcl.datalab.noirlab.edu', port=443) at 0x119718190>, 'Connection to astrosparcl.datalab.noirlab.edu timed out. (connect timeout=3.1)'))"
39627919848376643,G,"HTTPSConnectionPool(host='astrosparcl.datalab.noirlab.edu', port=443): Max retries exceeded with url: /api/find/?limit=500 (Caused by ConnectTimeoutError(<HTTPSConnection(host='astrosparcl.datalab.noirlab.edu', port=443) at 0x119718050>, 'Connection to astrosparcl.datalab.noirlab.edu timed out. (connect timeout=3.1)'))"
39628517775772409,G,"HTTPSConnectionPool(host='astrosparcl.datalab.noirlab.edu', port=443): Max retries exceeded with url: /api/find/?limit=500 (Caused by ConnectTimeoutError(<HTTPSConnection(host='astrosparcl.datalab.noirlab.edu', port=443) at 0x119719310>, 'Connection to astrosparcl.datalab.noirlab.edu timed out. (connect timeout=3.1)'))"
39632976912322874,G,"HTTPSConnectionPool(host='astrosparcl.datalab.noirlab.edu', port=443): Max retries exceeded with url: /api/find/?limit=500 (Caused by ConnectTimeoutError(<HTTPSConnection(host='astrosparcl.datalab.noirlab.edu', port=443) at 0x119719950>, 'Connection to astrosparcl.datalab.noirlab.edu timed out. (connect timeout=3.1)'))"
39633139433210186,G,"HTTPSConnectionPool(host='astrosparcl.datalab.noirlab.edu', port=443): Max retries exceeded with url: /api/find/?limit=500 (Caused by ConnectTimeoutError(<HTTPSConnection(host='astrosparcl.datalab.noirlab.edu', port=443) at 0x119719bd0>, 'Connection to astrosparcl.datalab.noirlab.edu timed out. (connect timeout=3.1)'))"
39628385600671026,G,"HTTPSConnectionPool(host='astrosparcl.datalab.noirlab.edu', port=443): Max retries exceeded with url: /api/find/?limit=500 (Caused by ConnectTimeoutError(<HTTPSConnection(host='astrosparcl.datalab.noirlab.edu', port=443) at 0x119719e50>, 'Connection to astrosparcl.datalab.noirlab.edu timed out. (connect timeout=3.1)'))"
39633196786124633,G,"HTTPSConnectionPool(host='astrosparcl.datalab.noirlab.edu', port=443): Max retries exceeded with url: /api/find/?limit=500 (Caused by ConnectTimeoutError(<HTTPSConnection(host='astrosparcl.datalab.noirlab.edu', port=443) at 0x11971a0d0>, 'Connection to astrosparcl.datalab.noirlab.edu timed out. (connect timeout=3.1)'))"
39628518367168815,G,"HTTPSConnectionPool(host='astrosparcl.datalab.noirlab.edu', port=443): Max retries exceeded with url: /api/find/?limit=500 (Caused by ConnectTimeoutError(<HTTPSConnection(host='astrosparcl.datalab.noirlab.edu', port=443) at 0x11971a350>, 'Connection to astrosparcl.datalab.noirlab.edu timed out. (connect timeout=3.1)'))"
39632999574146056,G,"HTTPSConnectionPool(host='astrosparcl.datalab.noirlab.edu', port=443): Max retries exceeded with url: /api/find/?limit=500 (Caused by ConnectTimeoutError(<HTTPSConnection(host='astrosparcl.datalab.noirlab.edu', port=443) at 0x11971a5d0>, 'Connection to astrosparcl.datalab.noirlab.edu timed out. (connect timeout=3.1)'))"
39628359486937246,G,"HTTPSConnectionPool(host='astrosparcl.datalab.noirlab.edu', port=443): Max retries exceeded with url: /api/find/?limit=500 (Caused by ConnectTimeoutError(<HTTPSConnection(host='astrosparcl.datalab.noirlab.edu', port=443) at 0x11971a710>, 'Connection to astrosparcl.datalab.noirlab.edu timed out. (connect timeout=3.1)'))"
39632956414755358,G,"HTTPSConnectionPool(host='astrosparcl.datalab.noirlab.edu', port=443): Max retries exceeded with url: /api/find/?limit=500 (Caused by ConnectTimeoutError(<HTTPSConnection(host='astrosparcl.datalab.noirlab.edu', port=443) at 0x11971a490>, 'Connection to astrosparcl.datalab.noirlab.edu timed out. (connect timeout=3.1)'))"
39632936164658113,G,"HTTPSConnectionPool(host='astrosparcl.datalab.noirlab.edu', port=443): Max retries exceeded with url: /api/find/?limit=500 (Caused by ConnectTimeoutError(<HTTPSConnection(host='astrosparcl.datalab.noirlab.edu', port=443) at 0x11971a210>, 'Connection to astrosparcl.datalab.noirlab.edu timed out. (connect timeout=3.1)'))"
39633207343186649,G,"HTTPSConnectionPool(host='astrosparcl.datalab.noirlab.edu', port=443): Max retries exceeded with url: /api/find/?limit=500 (Caused by ConnectTimeoutError(<HTTPSConnection(host='astrosparcl.datalab.noirlab.edu', port=443) at 0x119719f90>, 'Connection to astrosparcl.datalab.noirlab.edu timed out. (connect timeout=3.1)'))"
39633249143623512,G,"HTTPSConnectionPool(host='astrosparcl.datalab.noirlab.edu', port=443): Max retries exceeded with url: /api/find/?limit=500 (Caused by ConnectTimeoutError(<HTTPSConnection(host='astrosparcl.datalab.noirlab.edu', port=443) at 0x119719d10>, 'Connection to astrosparcl.datalab.noirlab.edu timed out. (connect timeout=3.1)'))"
39633103513194653,G,"HTTPSConnectionPool(host='astrosparcl.datalab.noirlab.edu', port=443): Max retries exceeded with url: /api/find/?limit=500 (Caused by ConnectTimeoutError(<HTTPSConnection(host='astrosparcl.datalab.noirlab.edu', port=443) at 0x119719a90>, 'Connection to astrosparcl.datalab.noirlab.edu timed out. (connect timeout=3.1)'))"
39632971531029196,G,"HTTPSConnectionPool(host='astrosparcl.datalab.noirlab.edu', port=443): Max retries exceeded with url: /api/find/?limit=500 (Caused by ConnectTimeoutError(<HTTPSConnection(host='astrosparcl.datalab.noirlab.edu', port=443) at 0x119719590>, 'Connection to astrosparcl.datalab.noirlab.edu timed out. (connect timeout=3.1)'))"
39628497710224602,G,"HTTPSConnectionPool(host='astrosparcl.datalab.noirlab.edu', port=443): Max retries exceeded with url: /api/find/?limit=500 (Caused by ConnectTimeoutError(<HTTPSConnection(host='astrosparcl.datalab.noirlab.edu', port=443) at 0x1197196d0>, 'Connection to astrosparcl.datalab.noirlab.edu timed out. (connect timeout=3.1)'))"
39632957048096591,G,"HTTPSConnectionPool(host='astrosparcl.datalab.noirlab.edu', port=443): Max retries exceeded with url: /api/find/?limit=500 (Caused by ConnectTimeoutError(<HTTPSConnection(host='astrosparcl.datalab.noirlab.edu', port=443) at 0x119718a50>, 'Connection to astrosparcl.datalab.noirlab.edu timed out. (connect timeout=3.1)'))"
39628446233531780,G,"HTTPSConnectionPool(host='astrosparcl.datalab.noirlab.edu', port=443): Max retries exceeded with url: /api/find/?limit=500 (Caused by ConnectTimeoutError(<HTTPSConnection(host='astrosparcl.datalab.noirlab.edu', port=443) at 0x119718e10>, 'Connection to astrosparcl.datalab.noirlab.edu timed out. (connect timeout=3.1)'))"
39633348267608109,G,"HTTPSConnectionPool(host='astrosparcl.datalab.noirlab.edu', port=443): Max retries exceeded with url: /api/find/?limit=500 (Caused by ConnectTimeoutError(<HTTPSConnection(host='astrosparcl.datalab.noirlab.edu', port=443) at 0x119718910>, 'Connection to astrosparcl.datalab.noirlab.edu timed out. (connect timeout=3.1)'))"
39633047875752037,G,"HTTPSConnectionPool(host='astrosparcl.datalab.noirlab.edu', port=443): Max retries exceeded with url: /api/find/?limit=500 (Caused by ConnectTimeoutError(<HTTPSConnection(host='astrosparcl.datalab.noirlab.edu', port=443) at 0x119718cd0>, 'Connection to astrosparcl.datalab.noirlab.edu timed out. (connect timeout=3.1)'))"
39632939750787566,G,"HTTPSConnectionPool(host='astrosparcl.datalab.noirlab.edu', port=443): Max retries exceeded with url: /api/find/?limit=500 (Caused by ConnectTimeoutError(<HTTPSConnection(host='astrosparcl.datalab.noirlab.edu', port=443) at 0x11971a990>, 'Connection to astrosparcl.datalab.noirlab.edu timed out. (connect timeout=3.1)'))"
39633148065089349,G,"HTTPSConnectionPool(host='astrosparcl.datalab.noirlab.edu', port=443): Max retries exceeded with url: /api/find/?limit=500 (Caused by ConnectTimeoutError(<HTTPSConnection(host='astrosparcl.datalab.noirlab.edu', port=443) at 0x11971ac10>, 'Connection to astrosparcl.datalab.noirlab.edu timed out. (connect timeout=3.1)'))"
39632980959823070,G,"HTTPSConnectionPool(host='astrosparcl.datalab.noirlab.edu', port=443): Max retries exceeded with url: /api/find/?limit=500 (Caused by ConnectTimeoutError(<HTTPSConnection(host='astrosparcl.datalab.noirlab.edu', port=443) at 0x119719810>, 'Connection to astrosparcl.datalab.noirlab.edu timed out. (connect timeout=3.1)'))"
39632976165735728,G,"HTTPSConnectionPool(host='astrosparcl.datalab.noirlab.edu', port=443): Max retries exceeded with url: /api/find/?limit=500 (Caused by ConnectTimeoutError(<HTTPSConnection(host='astrosparcl.datalab.noirlab.edu', port=443) at 0x11971afd0>, 'Connection to astrosparcl.datalab.noirlab.edu timed out. (connect timeout=3.1)'))"
39632991357502387,G,"HTTPSConnectionPool(host='astrosparcl.datalab.noirlab.edu', port=443): Max retries exceeded with url: /api/find/?limit=500 (Caused by ConnectTimeoutError(<HTTPSConnection(host='astrosparcl.datalab.noirlab.edu', port=443) at 0x11971b110>, 'Connection to astrosparcl.datalab.noirlab.edu timed out. (connect timeout=3.1)'))"
39632946738495870,G,"HTTPSConnectionPool(host='astrosparcl.datalab.noirlab.edu', port=443): Max retries exceeded with url: /api/find/?limit=500 (Caused by ConnectTimeoutError(<HTTPSConnection(host='astrosparcl.datalab.noirlab.edu', port=443) at 0x11971ae90>, 'Connection to astrosparcl.datalab.noirlab.edu timed out. (connect timeout=3.1)'))"
39628499165646904,G,"HTTPSConnectionPool(host='astrosparcl.datalab.noirlab.edu', port=443): Max retries exceeded with url: /api/find/?limit=500 (Caused by ConnectTimeoutError(<HTTPSConnection(host='astrosparcl.datalab.noirlab.edu', port=443) at 0x11971ad50>, 'Connection to astrosparcl.datalab.noirlab.edu timed out. (connect timeout=3.1)'))"
39633190691801076,G,"HTTPSConnectionPool(host='astrosparcl.datalab.noirlab.edu', port=443): Max retries exceeded with url: /api/find/?limit=500 (Caused by ConnectTimeoutError(<HTTPSConnection(host='astrosparcl.datalab.noirlab.edu', port=443) at 0x11971aad0>, 'Connection to astrosparcl.datalab.noirlab.edu timed out. (connect timeout=3.1)'))"
39633356282922761,G,"HTTPSConnectionPool(host='astrosparcl.datalab.noirlab.edu', port=443): Max retries exceeded with url: /api/find/?limit=500 (Caused by ConnectTimeoutError(<HTTPSConnection(host='astrosparcl.datalab.noirlab.edu', port=443) at 0x11971a850>, 'Connection to astrosparcl.datalab.noirlab.edu timed out. (connect timeout=3.1)'))"
39633240285249748,G,"HTTPSConnectionPool(host='astrosparcl.datalab.noirlab.edu', port=443): Max retries exceeded with url: /api/find/?limit=500 (Caused by ConnectTimeoutError(<HTTPSConnection(host='astrosparcl.datalab.noirlab.edu', port=443) at 0x1197191d0>, 'Connection to astrosparcl.datalab.noirlab.edu timed out. (connect timeout=3.1)'))"
39633200238038810,G,"HTTPSConnectionPool(host='astrosparcl.datalab.noirlab.edu', port=443): Max retries exceeded with url: /api/find/?limit=500 (Caused by ConnectTimeoutError(<HTTPSConnection(host='astrosparcl.datalab.noirlab.edu', port=443) at 0x119718f50>, 'Connection to astrosparcl.datalab.noirlab.edu timed out. (connect timeout=3.1)'))"
39633343087641641,G,"HTTPSConnectionPool(host='astrosparcl.datalab.noirlab.edu', port=443): Max retries exceeded with url: /api/find/?limit=500 (Caused by ConnectTimeoutError(<HTTPSConnection(host='astrosparcl.datalab.noirlab.edu', port=443) at 0x119718190>, 'Connection to astrosparcl.datalab.noirlab.edu timed out. (connect timeout=3.1)'))"
39633068268456500,G,"HTTPSConnectionPool(host='astrosparcl.datalab.noirlab.edu', port=443): Max retries exceeded with url: /api/find/?limit=500 (Caused by ConnectTimeoutError(<HTTPSConnection(host='astrosparcl.datalab.noirlab.edu', port=443) at 0x119718050>, 'Connection to astrosparcl.datalab.noirlab.edu timed out. (connect timeout=3.1)'))"
39633076678035601,G,"HTTPSConnectionPool(host='astrosparcl.datalab.noirlab.edu', port=443): Max retries exceeded with url: /api/find/?limit=500 (Caused by ConnectTimeoutError(<HTTPSConnection(host='astrosparcl.datalab.noirlab.edu', port=443) at 0x119719310>, 'Connection to astrosparcl.datalab.noirlab.edu timed out. (connect timeout=3.1)'))"
39628385625840093,G,"HTTPSConnectionPool(host='astrosparcl.datalab.noirlab.edu', port=443): Max retries exceeded with url: /api/find/?limit=500 (Caused by ConnectTimeoutError(<HTTPSConnection(host='astrosparcl.datalab.noirlab.edu', port=443) at 0x119719950>, 'Connection to astrosparcl.datalab.noirlab.edu timed out. (connect timeout=3.1)'))"
39633516018796652,G,"HTTPSConnectionPool(host='astrosparcl.datalab.noirlab.edu', port=443): Max retries exceeded with url: /api/find/?limit=500 (Caused by ConnectTimeoutError(<HTTPSConnection(host='astrosparcl.datalab.noirlab.edu', port=443) at 0x119719bd0>, 'Connection to astrosparcl.datalab.noirlab.edu timed out. (connect timeout=3.1)'))"
39633062220269876,G,"HTTPSConnectionPool(host='astrosparcl.datalab.noirlab.edu', port=443): Max retries exceeded with url: /api/find/?limit=500 (Caused by ConnectTimeoutError(<HTTPSConnection(host='astrosparcl.datalab.noirlab.edu', port=443) at 0x119719e50>, 'Connection to astrosparcl.datalab.noirlab.edu timed out. (connect timeout=3.1)'))"
39628407335556119,G,"HTTPSConnectionPool(host='astrosparcl.datalab.noirlab.edu', port=443): Max retries exceeded with url: /api/find/?limit=500 (Caused by ConnectTimeoutError(<HTTPSConnection(host='astrosparcl.datalab.noirlab.edu', port=443) at 0x11971a0d0>, 'Connection to astrosparcl.datalab.noirlab.edu timed out. (connect timeout=3.1)'))"
39633085196669020,G,"HTTPSConnectionPool(host='astrosparcl.datalab.noirlab.edu', port=443): Max retries exceeded with url: /api/find/?limit=500 (Caused by ConnectTimeoutError(<HTTPSConnection(host='astrosparcl.datalab.noirlab.edu', port=443) at 0x11971a350>, 'Connection to astrosparcl.datalab.noirlab.edu timed out. (connect timeout=3.1)'))"
39633369159436418,G,"HTTPSConnectionPool(host='astrosparcl.datalab.noirlab.edu', port=443): Max retries exceeded with url: /api/find/?limit=500 (Caused by ConnectTimeoutError(<HTTPSConnection(host='astrosparcl.datalab.noirlab.edu', port=443) at 0x11971a5d0>, 'Connection to astrosparcl.datalab.noirlab.edu timed out. (connect timeout=3.1)'))"
39632951201237470,G,"HTTPSConnectionPool(host='astrosparcl.datalab.noirlab.edu', port=443): Max retries exceeded with url: /api/find/?limit=500 (Caused by ConnectTimeoutError(<HTTPSConnection(host='astrosparcl.datalab.noirlab.edu', port=443) at 0x11971a710>, 'Connection to astrosparcl.datalab.noirlab.edu timed out. (connect timeout=3.1)'))"
39632984717923397,G,"HTTPSConnectionPool(host='astrosparcl.datalab.noirlab.edu', port=443): Max retries exceeded with url: /api/find/?limit=500 (Caused by ConnectTimeoutError(<HTTPSConnection(host='astrosparcl.datalab.noirlab.edu', port=443) at 0x11971a490>, 'Connection to astrosparcl.datalab.noirlab.edu timed out. (connect timeout=3.1)'))"
39628101797284930,G,"HTTPSConnectionPool(host='astrosparcl.datalab.noirlab.edu', port=443): Max retries exceeded with url: /api/find/?limit=500 (Caused by ConnectTimeoutError(<HTTPSConnection(host='astrosparcl.datalab.noirlab.edu', port=443) at 0x11971a210>, 'Connection to astrosparcl.datalab.noirlab.edu timed out. (connect timeout=3.1)'))"
39628131333574729,G,"HTTPSConnectionPool(host='astrosparcl.datalab.noirlab.edu', port=443): Max retries exceeded with url: /api/find/?limit=500 (Caused by ConnectTimeoutError(<HTTPSConnection(host='astrosparcl.datalab.noirlab.edu', port=443) at 0x119719f90>, 'Connection to astrosparcl.datalab.noirlab.edu timed out. (connect timeout=3.1)'))"
39628220877770677,G,"HTTPSConnectionPool(host='astrosparcl.datalab.noirlab.edu', port=443): Max retries exceeded with url: /api/find/?limit=500 (Caused by ConnectTimeoutError(<HTTPSConnection(host='astrosparcl.datalab.noirlab.edu', port=443) at 0x119719d10>, 'Connection to astrosparcl.datalab.noirlab.edu timed out. (connect timeout=3.1)'))"
39628071015286097,G,"HTTPSConnectionPool(host='astrosparcl.datalab.noirlab.edu', port=443): Max retries exceeded with url: /api/find/?limit=500 (Caused by ConnectTimeoutError(<HTTPSConnection(host='astrosparcl.datalab.noirlab.edu', port=443) at 0x119719a90>, 'Connection to astrosparcl.datalab.noirlab.edu timed out. (connect timeout=3.1)'))"
39633353061696017,G,"HTTPSConnectionPool(host='astrosparcl.datalab.noirlab.edu', port=443): Max retries exceeded with url: /api/find/?limit=500 (Caused by ConnectTimeoutError(<HTTPSConnection(host='astrosparcl.datalab.noirlab.edu', port=443) at 0x119719590>, 'Connection to astrosparcl.datalab.noirlab.edu timed out. (connect timeout=3.1)'))"
39633136719496557,G,"HTTPSConnectionPool(host='astrosparcl.datalab.noirlab.edu', port=443): Max retries exceeded with url: /api/find/?limit=500 (Caused by ConnectTimeoutError(<HTTPSConnection(host='astrosparcl.datalab.noirlab.edu', port=443) at 0x1197196d0>, 'Connection to astrosparcl.datalab.noirlab.edu timed out. (connect timeout=3.1)'))"
39628077101227072,G,"HTTPSConnectionPool(host='astrosparcl.datalab.noirlab.edu', port=443): Max retries exceeded with url: /api/find/?limit=500 (Caused by ConnectTimeoutError(<HTTPSConnection(host='astrosparcl.datalab.noirlab.edu', port=443) at 0x119718a50>, 'Connection to astrosparcl.datalab.noirlab.edu timed out. (connect timeout=3.1)'))"
39632956406370090,G,"HTTPSConnectionPool(host='astrosparcl.datalab.noirlab.edu', port=443): Max retries exceeded with url: /api/find/?limit=500 (Caused by ConnectTimeoutError(<HTTPSConnection(host='astrosparcl.datalab.noirlab.edu', port=443) at 0x119718e10>, 'Connection to astrosparcl.datalab.noirlab.edu timed out. (connect timeout=3.1)'))"
39628507482950390,G,"HTTPSConnectionPool(host='astrosparcl.datalab.noirlab.edu', port=443): Max retries exceeded with url: /api/find/?limit=500 (Caused by ConnectTimeoutError(<HTTPSConnection(host='astrosparcl.datalab.noirlab.edu', port=443) at 0x119718910>, 'Connection to astrosparcl.datalab.noirlab.edu timed out. (connect timeout=3.1)'))"
39633105560015452,G,"HTTPSConnectionPool(host='astrosparcl.datalab.noirlab.edu', port=443): Max retries exceeded with url: /api/find/?limit=500 (Caused by ConnectTimeoutError(<HTTPSConnection(host='astrosparcl.datalab.noirlab.edu', port=443) at 0x119718cd0>, 'Connection to astrosparcl.datalab.noirlab.edu timed out. (connect timeout=3.1)'))"
39633062123800566,G,"HTTPSConnectionPool(host='astrosparcl.datalab.noirlab.edu', port=443): Max retries exceeded with url: /api/find/?limit=500 (Caused by ConnectTimeoutError(<HTTPSConnection(host='astrosparcl.datalab.noirlab.edu', port=443) at 0x11971a990>, 'Connection to astrosparcl.datalab.noirlab.edu timed out. (connect timeout=3.1)'))"
39633110115030016,G,"HTTPSConnectionPool(host='astrosparcl.datalab.noirlab.edu', port=443): Max retries exceeded with url: /api/find/?limit=500 (Caused by ConnectTimeoutError(<HTTPSConnection(host='astrosparcl.datalab.noirlab.edu', port=443) at 0x11971ac10>, 'Connection to astrosparcl.datalab.noirlab.edu timed out. (connect timeout=3.1)'))"
39633038312738633,G,"HTTPSConnectionPool(host='astrosparcl.datalab.noirlab.edu', port=443): Max retries exceeded with url: /api/find/?limit=500 (Caused by ConnectTimeoutError(<HTTPSConnection(host='astrosparcl.datalab.noirlab.edu', port=443) at 0x119719810>, 'Connection to astrosparcl.datalab.noirlab.edu timed out. (connect timeout=3.1)'))"
39633030276450492,G,"HTTPSConnectionPool(host='astrosparcl.datalab.noirlab.edu', port=443): Max retries exceeded with url: /api/find/?limit=500 (Caused by ConnectTimeoutError(<HTTPSConnection(host='astrosparcl.datalab.noirlab.edu', port=443) at 0x11971afd0>, 'Connection to astrosparcl.datalab.noirlab.edu timed out. (connect timeout=3.1)'))"
39633021279672244,G,"HTTPSConnectionPool(host='astrosparcl.datalab.noirlab.edu', port=443): Max retries exceeded with url: /api/find/?limit=500 (Caused by ConnectTimeoutError(<HTTPSConnection(host='astrosparcl.datalab.noirlab.edu', port=443) at 0x11971b110>, 'Connection to astrosparcl.datalab.noirlab.edu timed out. (connect timeout=3.1)'))"
39628511010358951,G,"HTTPSConnectionPool(host='astrosparcl.datalab.noirlab.edu', port=443): Max retries exceeded with url: /api/find/?limit=500 (Caused by ConnectTimeoutError(<HTTPSConnection(host='astrosparcl.datalab.noirlab.edu', port=443) at 0x11971ae90>, 'Connection to astrosparcl.datalab.noirlab.edu timed out. (connect timeout=3.1)'))"
39633318412550813,G,"HTTPSConnectionPool(host='astrosparcl.datalab.noirlab.edu', port=443): Max retries exceeded with url: /api/find/?limit=500 (Caused by ConnectTimeoutError(<HTTPSConnection(host='astrosparcl.datalab.noirlab.edu', port=443) at 0x11971ad50>, 'Connection to astrosparcl.datalab.noirlab.edu timed out. (connect timeout=3.1)'))"
39633067886774523,G,"HTTPSConnectionPool(host='astrosparcl.datalab.noirlab.edu', port=443): Max retries exceeded with url: /api/find/?limit=500 (Caused by ConnectTimeoutError(<HTTPSConnection(host='astrosparcl.datalab.noirlab.edu', port=443) at 0x11971aad0>, 'Connection to astrosparcl.datalab.noirlab.edu timed out. (connect timeout=3.1)'))"
39628482057077147,G,"HTTPSConnectionPool(host='astrosparcl.datalab.noirlab.edu', port=443): Max retries exceeded with url: /api/find/?limit=500 (Caused by ConnectTimeoutError(<HTTPSConnection(host='astrosparcl.datalab.noirlab.edu', port=443) at 0x11971a850>, 'Connection to astrosparcl.datalab.noirlab.edu timed out. (connect timeout=3.1)'))"
39628471458070581,G,"HTTPSConnectionPool(host='astrosparcl.datalab.noirlab.edu', port=443): Max retries exceeded with url: /api/find/?limit=500 (Caused by ConnectTimeoutError(<HTTPSConnection(host='astrosparcl.datalab.noirlab.edu', port=443) at 0x1197191d0>, 'Connection to astrosparcl.datalab.noirlab.edu timed out. (connect timeout=3.1)'))"
39628214905083230,G,"HTTPSConnectionPool(host='astrosparcl.datalab.noirlab.edu', port=443): Max retries exceeded with url: /api/find/?limit=500 (Caused by ConnectTimeoutError(<HTTPSConnection(host='astrosparcl.datalab.noirlab.edu', port=443) at 0x119718f50>, 'Connection to astrosparcl.datalab.noirlab.edu timed out. (connect timeout=3.1)'))"
39628517993877586,G,"HTTPSConnectionPool(host='astrosparcl.datalab.noirlab.edu', port=443): Max retries exceeded with url: /api/find/?limit=500 (Caused by ConnectTimeoutError(<HTTPSConnection(host='astrosparcl.datalab.noirlab.edu', port=443) at 0x119718190>, 'Connection to astrosparcl.datalab.noirlab.edu timed out. (connect timeout=3.1)'))"
39628450373305728,G,"HTTPSConnectionPool(host='astrosparcl.datalab.noirlab.edu', port=443): Max retries exceeded with url: /api/find/?limit=500 (Caused by ConnectTimeoutError(<HTTPSConnection(host='astrosparcl.datalab.noirlab.edu', port=443) at 0x119718050>, 'Connection to astrosparcl.datalab.noirlab.edu timed out. (connect timeout=3.1)'))"
39633011280447205,G,"HTTPSConnectionPool(host='astrosparcl.datalab.noirlab.edu', port=443): Max retries exceeded with url: /api/find/?limit=500 (Caused by ConnectTimeoutError(<HTTPSConnection(host='astrosparcl.datalab.noirlab.edu', port=443) at 0x119719310>, 'Connection to astrosparcl.datalab.noirlab.edu timed out. (connect timeout=3.1)'))"
39632999494456220,G,"HTTPSConnectionPool(host='astrosparcl.datalab.noirlab.edu', port=443): Max retries exceeded with url: /api/find/?limit=500 (Caused by ConnectTimeoutError(<HTTPSConnection(host='astrosparcl.datalab.noirlab.edu', port=443) at 0x119719950>, 'Connection to astrosparcl.datalab.noirlab.edu timed out. (connect timeout=3.1)'))"
39628441561072033,G,"HTTPSConnectionPool(host='astrosparcl.datalab.noirlab.edu', port=443): Max retries exceeded with url: /api/find/?limit=500 (Caused by ConnectTimeoutError(<HTTPSConnection(host='astrosparcl.datalab.noirlab.edu', port=443) at 0x119719bd0>, 'Connection to astrosparcl.datalab.noirlab.edu timed out. (connect timeout=3.1)'))"
39628441598825108,G,"HTTPSConnectionPool(host='astrosparcl.datalab.noirlab.edu', port=443): Max retries exceeded with url: /api/find/?limit=500 (Caused by ConnectTimeoutError(<HTTPSConnection(host='astrosparcl.datalab.noirlab.edu', port=443) at 0x119719e50>, 'Connection to astrosparcl.datalab.noirlab.edu timed out. (connect timeout=3.1)'))"
39633011276276312,G,"HTTPSConnectionPool(host='astrosparcl.datalab.noirlab.edu', port=443): Max retries exceeded with url: /api/find/?limit=500 (Caused by ConnectTimeoutError(<HTTPSConnection(host='astrosparcl.datalab.noirlab.edu', port=443) at 0x11971a0d0>, 'Connection to astrosparcl.datalab.noirlab.edu timed out. (connect timeout=3.1)'))"
39632981517666609,G,"HTTPSConnectionPool(host='astrosparcl.datalab.noirlab.edu', port=443): Max retries exceeded with url: /api/find/?limit=500 (Caused by ConnectTimeoutError(<HTTPSConnection(host='astrosparcl.datalab.noirlab.edu', port=443) at 0x11971a350>, 'Connection to astrosparcl.datalab.noirlab.edu timed out. (connect timeout=3.1)'))"
39633030796544745,G,"HTTPSConnectionPool(host='astrosparcl.datalab.noirlab.edu', port=443): Max retries exceeded with url: /api/find/?limit=500 (Caused by ConnectTimeoutError(<HTTPSConnection(host='astrosparcl.datalab.noirlab.edu', port=443) at 0x11971a5d0>, 'Connection to astrosparcl.datalab.noirlab.edu timed out. (connect timeout=3.1)'))"
39633016116478929,G,"HTTPSConnectionPool(host='astrosparcl.datalab.noirlab.edu', port=443): Max retries exceeded with url: /api/find/?limit=500 (Caused by ConnectTimeoutError(<HTTPSConnection(host='astrosparcl.datalab.noirlab.edu', port=443) at 0x11971a710>, 'Connection to astrosparcl.datalab.noirlab.edu timed out. (connect timeout=3.1)'))"
39633201055927403,G,"HTTPSConnectionPool(host='astrosparcl.datalab.noirlab.edu', port=443): Max retries exceeded with url: /api/find/?limit=500 (Caused by ConnectTimeoutError(<HTTPSConnection(host='astrosparcl.datalab.noirlab.edu', port=443) at 0x11971a490>, 'Connection to astrosparcl.datalab.noirlab.edu timed out. (connect timeout=3.1)'))"
39633353053308865,G,"HTTPSConnectionPool(host='astrosparcl.datalab.noirlab.edu', port=443): Max retries exceeded with url: /api/find/?limit=500 (Caused by ConnectTimeoutError(<HTTPSConnection(host='astrosparcl.datalab.noirlab.edu', port=443) at 0x11971a210>, 'Connection to astrosparcl.datalab.noirlab.edu timed out. (connect timeout=3.1)'))"
39633169611229776,G,"HTTPSConnectionPool(host='astrosparcl.datalab.noirlab.edu', port=443): Max retries exceeded with url: /api/find/?limit=500 (Caused by ConnectTimeoutError(<HTTPSConnection(host='astrosparcl.datalab.noirlab.edu', port=443) at 0x119719f90>, 'Connection to astrosparcl.datalab.noirlab.edu timed out. (connect timeout=3.1)'))"
39628518031626486,G,"HTTPSConnectionPool(host='astrosparcl.datalab.noirlab.edu', port=443): Max retries exceeded with url: /api/find/?limit=500 (Caused by ConnectTimeoutError(<HTTPSConnection(host='astrosparcl.datalab.noirlab.edu', port=443) at 0x119719d10>, 'Connection to astrosparcl.datalab.noirlab.edu timed out. (connect timeout=3.1)'))"
39628308240929845,G,"HTTPSConnectionPool(host='astrosparcl.datalab.noirlab.edu', port=443): Max retries exceeded with url: /api/find/?limit=500 (Caused by ConnectTimeoutError(<HTTPSConnection(host='astrosparcl.datalab.noirlab.edu', port=443) at 0x119719a90>, 'Connection to astrosparcl.datalab.noirlab.edu timed out. (connect timeout=3.1)'))"
39633183708285675,G,"HTTPSConnectionPool(host='astrosparcl.datalab.noirlab.edu', port=443): Max retries exceeded with url: /api/find/?limit=500 (Caused by ConnectTimeoutError(<HTTPSConnection(host='astrosparcl.datalab.noirlab.edu', port=443) at 0x119719590>, 'Connection to astrosparcl.datalab.noirlab.edu timed out. (connect timeout=3.1)'))"
39632981828045840,G,"HTTPSConnectionPool(host='astrosparcl.datalab.noirlab.edu', port=443): Max retries exceeded with url: /api/find/?limit=500 (Caused by ConnectTimeoutError(<HTTPSConnection(host='astrosparcl.datalab.noirlab.edu', port=443) at 0x1197196d0>, 'Connection to astrosparcl.datalab.noirlab.edu timed out. (connect timeout=3.1)'))"
39628324972009501,G,"HTTPSConnectionPool(host='astrosparcl.datalab.noirlab.edu', port=443): Max retries exceeded with url: /api/find/?limit=500 (Caused by ConnectTimeoutError(<HTTPSConnection(host='astrosparcl.datalab.noirlab.edu', port=443) at 0x119718a50>, 'Connection to astrosparcl.datalab.noirlab.edu timed out. (connect timeout=3.1)'))"
39628516651699697,G,"HTTPSConnectionPool(host='astrosparcl.datalab.noirlab.edu', port=443): Max retries exceeded with url: /api/find/?limit=500 (Caused by ConnectTimeoutError(<HTTPSConnection(host='astrosparcl.datalab.noirlab.edu', port=443) at 0x119718e10>, 'Connection to astrosparcl.datalab.noirlab.edu timed out. (connect timeout=3.1)'))"
39628245829685142,G,"HTTPSConnectionPool(host='astrosparcl.datalab.noirlab.edu', port=443): Max retries exceeded with url: /api/find/?limit=500 (Caused by ConnectTimeoutError(<HTTPSConnection(host='astrosparcl.datalab.noirlab.edu', port=443) at 0x119718910>, 'Connection to astrosparcl.datalab.noirlab.edu timed out. (connect timeout=3.1)'))"
39628264221706314,G,"HTTPSConnectionPool(host='astrosparcl.datalab.noirlab.edu', port=443): Max retries exceeded with url: /api/find/?limit=500 (Caused by ConnectTimeoutError(<HTTPSConnection(host='astrosparcl.datalab.noirlab.edu', port=443) at 0x119718cd0>, 'Connection to astrosparcl.datalab.noirlab.edu timed out. (connect timeout=3.1)'))"
39628302469566250,G,"HTTPSConnectionPool(host='astrosparcl.datalab.noirlab.edu', port=443): Max retries exceeded with url: /api/find/?limit=500 (Caused by ConnectTimeoutError(<HTTPSConnection(host='astrosparcl.datalab.noirlab.edu', port=443) at 0x11971a990>, 'Connection to astrosparcl.datalab.noirlab.edu timed out. (connect timeout=3.1)'))"
39628151256518096,G,"HTTPSConnectionPool(host='astrosparcl.datalab.noirlab.edu', port=443): Max retries exceeded with url: /api/find/?limit=500 (Caused by ConnectTimeoutError(<HTTPSConnection(host='astrosparcl.datalab.noirlab.edu', port=443) at 0x11971ac10>, 'Connection to astrosparcl.datalab.noirlab.edu timed out. (connect timeout=3.1)'))"
39628060605026746,G,"HTTPSConnectionPool(host='astrosparcl.datalab.noirlab.edu', port=443): Max retries exceeded with url: /api/find/?limit=500 (Caused by ConnectTimeoutError(<HTTPSConnection(host='astrosparcl.datalab.noirlab.edu', port=443) at 0x119719810>, 'Connection to astrosparcl.datalab.noirlab.edu timed out. (connect timeout=3.1)'))"
39628094801189441,G,"HTTPSConnectionPool(host='astrosparcl.datalab.noirlab.edu', port=443): Max retries exceeded with url: /api/find/?limit=500 (Caused by ConnectTimeoutError(<HTTPSConnection(host='astrosparcl.datalab.noirlab.edu', port=443) at 0x11971afd0>, 'Connection to astrosparcl.datalab.noirlab.edu timed out. (connect timeout=3.1)'))"
39627755725259437,G,"HTTPSConnectionPool(host='astrosparcl.datalab.noirlab.edu', port=443): Max retries exceeded with url: /api/find/?limit=500 (Caused by ConnectTimeoutError(<HTTPSConnection(host='astrosparcl.datalab.noirlab.edu', port=443) at 0x11971b110>, 'Connection to astrosparcl.datalab.noirlab.edu timed out. (connect timeout=3.1)'))"
39632999481873574,G,"HTTPSConnectionPool(host='astrosparcl.datalab.noirlab.edu', port=443): Max retries exceeded with url: /api/find/?limit=500 (Caused by ConnectTimeoutError(<HTTPSConnection(host='astrosparcl.datalab.noirlab.edu', port=443) at 0x11971ae90>, 'Connection to astrosparcl.datalab.noirlab.edu timed out. (connect timeout=3.1)'))"
39633001537078609,G,"HTTPSConnectionPool(host='astrosparcl.datalab.noirlab.edu', port=443): Max retries exceeded with url: /api/find/?limit=500 (Caused by ConnectTimeoutError(<HTTPSConnection(host='astrosparcl.datalab.noirlab.edu', port=443) at 0x11971ad50>, 'Connection to astrosparcl.datalab.noirlab.edu timed out. (connect timeout=3.1)'))"
39628110307527027,G,"HTTPSConnectionPool(host='astrosparcl.datalab.noirlab.edu', port=443): Max retries exceeded with url: /api/find/?limit=500 (Caused by ConnectTimeoutError(<HTTPSConnection(host='astrosparcl.datalab.noirlab.edu', port=443) at 0x11971aad0>, 'Connection to astrosparcl.datalab.noirlab.edu timed out. (connect timeout=3.1)'))"
39627919860962749,G,"HTTPSConnectionPool(host='astrosparcl.datalab.noirlab.edu', port=443): Max retries exceeded with url: /api/find/?limit=500 (Caused by ConnectTimeoutError(<HTTPSConnection(host='astrosparcl.datalab.noirlab.edu', port=443) at 0x11971a850>, 'Connection to astrosparcl.datalab.noirlab.edu timed out. (connect timeout=3.1)'))"
39627987687053815,G,"HTTPSConnectionPool(host='astrosparcl.datalab.noirlab.edu', port=443): Max retries exceeded with url: /api/find/?limit=500 (Caused by ConnectTimeoutError(<HTTPSConnection(host='astrosparcl.datalab.noirlab.edu', port=443) at 0x1197191d0>, 'Connection to astrosparcl.datalab.noirlab.edu timed out. (connect timeout=3.1)'))"
39628488273036062,G,"HTTPSConnectionPool(host='astrosparcl.datalab.noirlab.edu', port=443): Max retries exceeded with url: /api/find/?limit=500 (Caused by ConnectTimeoutError(<HTTPSConnection(host='astrosparcl.datalab.noirlab.edu', port=443) at 0x119718f50>, 'Connection to astrosparcl.datalab.noirlab.edu timed out. (connect timeout=3.1)'))"
39627955642564956,G,"HTTPSConnectionPool(host='astrosparcl.datalab.noirlab.edu', port=443): Max retries exceeded with url: /api/find/?limit=500 (Caused by ConnectTimeoutError(<HTTPSConnection(host='astrosparcl.datalab.noirlab.edu', port=443) at 0x119718190>, 'Connection to astrosparcl.datalab.noirlab.edu timed out. (connect timeout=3.1)'))"
39627971635448430,G,"HTTPSConnectionPool(host='astrosparcl.datalab.noirlab.edu', port=443): Max retries exceeded with url: /api/find/?limit=500 (Caused by ConnectTimeoutError(<HTTPSConnection(host='astrosparcl.datalab.noirlab.edu', port=443) at 0x119718050>, 'Connection to astrosparcl.datalab.noirlab.edu timed out. (connect timeout=3.1)'))"
39627881797652855,G,"HTTPSConnectionPool(host='astrosparcl.datalab.noirlab.edu', port=443): Max retries exceeded with url: /api/find/?limit=500 (Caused by ConnectTimeoutError(<HTTPSConnection(host='astrosparcl.datalab.noirlab.edu', port=443) at 0x119719310>, 'Connection to astrosparcl.datalab.noirlab.edu timed out. (connect timeout=3.1)'))"
39627975800392427,G,"HTTPSConnectionPool(host='astrosparcl.datalab.noirlab.edu', port=443): Max retries exceeded with url: /api/find/?limit=500 (Caused by ConnectTimeoutError(<HTTPSConnection(host='astrosparcl.datalab.noirlab.edu', port=443) at 0x119719950>, 'Connection to astrosparcl.datalab.noirlab.edu timed out. (connect timeout=3.1)'))"
39628364826285542,G,"HTTPSConnectionPool(host='astrosparcl.datalab.noirlab.edu', port=443): Max retries exceeded with url: /api/find/?limit=500 (Caused by ConnectTimeoutError(<HTTPSConnection(host='astrosparcl.datalab.noirlab.edu', port=443) at 0x119719bd0>, 'Connection to astrosparcl.datalab.noirlab.edu timed out. (connect timeout=3.1)'))"
39628330554627537,G,"HTTPSConnectionPool(host='astrosparcl.datalab.noirlab.edu', port=443): Max retries exceeded with url: /api/find/?limit=500 (Caused by ConnectTimeoutError(<HTTPSConnection(host='astrosparcl.datalab.noirlab.edu', port=443) at 0x119719e50>, 'Connection to astrosparcl.datalab.noirlab.edu timed out. (connect timeout=3.1)'))"
39628214884110173,G,"HTTPSConnectionPool(host='astrosparcl.datalab.noirlab.edu', port=443): Max retries exceeded with url: /api/find/?limit=500 (Caused by ConnectTimeoutError(<HTTPSConnection(host='astrosparcl.datalab.noirlab.edu', port=443) at 0x11971a0d0>, 'Connection to astrosparcl.datalab.noirlab.edu timed out. (connect timeout=3.1)'))"
39628131316795888,G,"HTTPSConnectionPool(host='astrosparcl.datalab.noirlab.edu', port=443): Max retries exceeded with url: /api/find/?limit=500 (Caused by ConnectTimeoutError(<HTTPSConnection(host='astrosparcl.datalab.noirlab.edu', port=443) at 0x11971a350>, 'Connection to astrosparcl.datalab.noirlab.edu timed out. (connect timeout=3.1)'))"
39627728055439185,G,"HTTPSConnectionPool(host='astrosparcl.datalab.noirlab.edu', port=443): Max retries exceeded with url: /api/find/?limit=500 (Caused by ConnectTimeoutError(<HTTPSConnection(host='astrosparcl.datalab.noirlab.edu', port=443) at 0x11971a5d0>, 'Connection to astrosparcl.datalab.noirlab.edu timed out. (connect timeout=3.1)'))"
39628117983102747,G,"HTTPSConnectionPool(host='astrosparcl.datalab.noirlab.edu', port=443): Max retries exceeded with url: /api/find/?limit=500 (Caused by ConnectTimeoutError(<HTTPSConnection(host='astrosparcl.datalab.noirlab.edu', port=443) at 0x11971a710>, 'Connection to astrosparcl.datalab.noirlab.edu timed out. (connect timeout=3.1)'))"
39628205694390346,G,"HTTPSConnectionPool(host='astrosparcl.datalab.noirlab.edu', port=443): Max retries exceeded with url: /api/find/?limit=500 (Caused by ConnectTimeoutError(<HTTPSConnection(host='astrosparcl.datalab.noirlab.edu', port=443) at 0x11971a490>, 'Connection to astrosparcl.datalab.noirlab.edu timed out. (connect timeout=3.1)'))"
39628352742494516,G,"HTTPSConnectionPool(host='astrosparcl.datalab.noirlab.edu', port=443): Max retries exceeded with url: /api/find/?limit=500 (Caused by ConnectTimeoutError(<HTTPSConnection(host='astrosparcl.datalab.noirlab.edu', port=443) at 0x11971a210>, 'Connection to astrosparcl.datalab.noirlab.edu timed out. (connect timeout=3.1)'))"
39628251655575043,G,"HTTPSConnectionPool(host='astrosparcl.datalab.noirlab.edu', port=443): Max retries exceeded with url: /api/find/?limit=500 (Caused by ConnectTimeoutError(<HTTPSConnection(host='astrosparcl.datalab.noirlab.edu', port=443) at 0x119719f90>, 'Connection to astrosparcl.datalab.noirlab.edu timed out. (connect timeout=3.1)'))"
39628313815158469,G,"HTTPSConnectionPool(host='astrosparcl.datalab.noirlab.edu', port=443): Max retries exceeded with url: /api/find/?limit=500 (Caused by ConnectTimeoutError(<HTTPSConnection(host='astrosparcl.datalab.noirlab.edu', port=443) at 0x119719d10>, 'Connection to astrosparcl.datalab.noirlab.edu timed out. (connect timeout=3.1)'))"
39628108462034460,G,"HTTPSConnectionPool(host='astrosparcl.datalab.noirlab.edu', port=443): Max retries exceeded with url: /api/find/?limit=500 (Caused by ConnectTimeoutError(<HTTPSConnection(host='astrosparcl.datalab.noirlab.edu', port=443) at 0x119719a90>, 'Connection to astrosparcl.datalab.noirlab.edu timed out. (connect timeout=3.1)'))"
39633170928240612,G,"HTTPSConnectionPool(host='astrosparcl.datalab.noirlab.edu', port=443): Max retries exceeded with url: /api/find/?limit=500 (Caused by ConnectTimeoutError(<HTTPSConnection(host='astrosparcl.datalab.noirlab.edu', port=443) at 0x119719590>, 'Connection to astrosparcl.datalab.noirlab.edu timed out. (connect timeout=3.1)'))"
39628031374919715,G,"HTTPSConnectionPool(host='astrosparcl.datalab.noirlab.edu', port=443): Max retries exceeded with url: /api/find/?limit=500 (Caused by ConnectTimeoutError(<HTTPSConnection(host='astrosparcl.datalab.noirlab.edu', port=443) at 0x1197196d0>, 'Connection to astrosparcl.datalab.noirlab.edu timed out. (connect timeout=3.1)'))"
39628462683587706,G,"HTTPSConnectionPool(host='astrosparcl.datalab.noirlab.edu', port=443): Max retries exceeded with url: /api/find/?limit=500 (Caused by ConnectTimeoutError(<HTTPSConnection(host='astrosparcl.datalab.noirlab.edu', port=443) at 0x119718a50>, 'Connection to astrosparcl.datalab.noirlab.edu timed out. (connect timeout=3.1)'))"
39628539862976226,G,"HTTPSConnectionPool(host='astrosparcl.datalab.noirlab.edu', port=443): Max retries exceeded with url: /api/find/?limit=500 (Caused by ConnectTimeoutError(<HTTPSConnection(host='astrosparcl.datalab.noirlab.edu', port=443) at 0x119718e10>, 'Connection to astrosparcl.datalab.noirlab.edu timed out. (connect timeout=3.1)'))"
39628214854747224,G,"HTTPSConnectionPool(host='astrosparcl.datalab.noirlab.edu', port=443): Max retries exceeded with url: /api/find/?limit=500 (Caused by ConnectTimeoutError(<HTTPSConnection(host='astrosparcl.datalab.noirlab.edu', port=443) at 0x119718910>, 'Connection to astrosparcl.datalab.noirlab.edu timed out. (connect timeout=3.1)'))"
39627891608133377,G,"HTTPSConnectionPool(host='astrosparcl.datalab.noirlab.edu', port=443): Max retries exceeded with url: /api/find/?limit=500 (Caused by ConnectTimeoutError(<HTTPSConnection(host='astrosparcl.datalab.noirlab.edu', port=443) at 0x119718cd0>, 'Connection to astrosparcl.datalab.noirlab.edu timed out. (connect timeout=3.1)'))"
39627726738424065,G,"HTTPSConnectionPool(host='astrosparcl.datalab.noirlab.edu', port=443): Max retries exceeded with url: /api/find/?limit=500 (Caused by ConnectTimeoutError(<HTTPSConnection(host='astrosparcl.datalab.noirlab.edu', port=443) at 0x11971a990>, 'Connection to astrosparcl.datalab.noirlab.edu timed out. (connect timeout=3.1)'))"
39633249139429040,G,"HTTPSConnectionPool(host='astrosparcl.datalab.noirlab.edu', port=443): Max retries exceeded with url: /api/find/?limit=500 (Caused by ConnectTimeoutError(<HTTPSConnection(host='astrosparcl.datalab.noirlab.edu', port=443) at 0x11971ac10>, 'Connection to astrosparcl.datalab.noirlab.edu timed out. (connect timeout=3.1)'))"
39628214884111221,G,"HTTPSConnectionPool(host='astrosparcl.datalab.noirlab.edu', port=443): Max retries exceeded with url: /api/find/?limit=500 (Caused by ConnectTimeoutError(<HTTPSConnection(host='astrosparcl.datalab.noirlab.edu', port=443) at 0x119719810>, 'Connection to astrosparcl.datalab.noirlab.edu timed out. (connect timeout=3.1)'))"
39627835748386567,G,"HTTPSConnectionPool(host='astrosparcl.datalab.noirlab.edu', port=443): Max retries exceeded with url: /api/find/?limit=500 (Caused by ConnectTimeoutError(<HTTPSConnection(host='astrosparcl.datalab.noirlab.edu', port=443) at 0x11971afd0>, 'Connection to astrosparcl.datalab.noirlab.edu timed out. (connect timeout=3.1)'))"
39628071015287686,G,"HTTPSConnectionPool(host='astrosparcl.datalab.noirlab.edu', port=443): Max retries exceeded with url: /api/find/?limit=500 (Caused by ConnectTimeoutError(<HTTPSConnection(host='astrosparcl.datalab.noirlab.edu', port=443) at 0x11971b110>, 'Connection to astrosparcl.datalab.noirlab.edu timed out. (connect timeout=3.1)'))"
39627848926891435,G,"HTTPSConnectionPool(host='astrosparcl.datalab.noirlab.edu', port=443): Max retries exceeded with url: /api/find/?limit=500 (Caused by ConnectTimeoutError(<HTTPSConnection(host='astrosparcl.datalab.noirlab.edu', port=443) at 0x11971ae90>, 'Connection to astrosparcl.datalab.noirlab.edu timed out. (connect timeout=3.1)'))"
39627860079544375,G,"HTTPSConnectionPool(host='astrosparcl.datalab.noirlab.edu', port=443): Max retries exceeded with url: /api/find/?limit=500 (Caused by ConnectTimeoutError(<HTTPSConnection(host='astrosparcl.datalab.noirlab.edu', port=443) at 0x11971ad50>, 'Connection to astrosparcl.datalab.noirlab.edu timed out. (connect timeout=3.1)'))"
39628223964776142,G,"HTTPSConnectionPool(host='astrosparcl.datalab.noirlab.edu', port=443): Max retries exceeded with url: /api/find/?limit=500 (Caused by ConnectTimeoutError(<HTTPSConnection(host='astrosparcl.datalab.noirlab.edu', port=443) at 0x11971aad0>, 'Connection to astrosparcl.datalab.noirlab.edu timed out. (connect timeout=3.1)'))"
39628337693328789,G,"HTTPSConnectionPool(host='astrosparcl.datalab.noirlab.edu', port=443): Max retries exceeded with url: /api/find/?limit=500 (Caused by ConnectTimeoutError(<HTTPSConnection(host='astrosparcl.datalab.noirlab.edu', port=443) at 0x11971a850>, 'Connection to astrosparcl.datalab.noirlab.edu timed out. (connect timeout=3.1)'))"
39627879323009842,G,"HTTPSConnectionPool(host='astrosparcl.datalab.noirlab.edu', port=443): Max retries exceeded with url: /api/find/?limit=500 (Caused by ConnectTimeoutError(<HTTPSConnection(host='astrosparcl.datalab.noirlab.edu', port=443) at 0x1197191d0>, 'Connection to astrosparcl.datalab.noirlab.edu timed out. (connect timeout=3.1)'))"
39628453439342301,G,"HTTPSConnectionPool(host='astrosparcl.datalab.noirlab.edu', port=443): Max retries exceeded with url: /api/find/?limit=500 (Caused by ConnectTimeoutError(<HTTPSConnection(host='astrosparcl.datalab.noirlab.edu', port=443) at 0x119718f50>, 'Connection to astrosparcl.datalab.noirlab.edu timed out. (connect timeout=3.1)'))"
39632962165151359,G,"HTTPSConnectionPool(host='astrosparcl.datalab.noirlab.edu', port=443): Max retries exceeded with url: /api/find/?limit=500 (Caused by ConnectTimeoutError(<HTTPSConnection(host='astrosparcl.datalab.noirlab.edu', port=443) at 0x119718190>, 'Connection to astrosparcl.datalab.noirlab.edu timed out. (connect timeout=3.1)'))"
39627781251796680,G,"HTTPSConnectionPool(host='astrosparcl.datalab.noirlab.edu', port=443): Max retries exceeded with url: /api/find/?limit=500 (Caused by ConnectTimeoutError(<HTTPSConnection(host='astrosparcl.datalab.noirlab.edu', port=443) at 0x119718050>, 'Connection to astrosparcl.datalab.noirlab.edu timed out. (connect timeout=3.1)'))"
39627769948146717,G,"HTTPSConnectionPool(host='astrosparcl.datalab.noirlab.edu', port=443): Max retries exceeded with url: /api/find/?limit=500 (Caused by ConnectTimeoutError(<HTTPSConnection(host='astrosparcl.datalab.noirlab.edu', port=443) at 0x119719310>, 'Connection to astrosparcl.datalab.noirlab.edu timed out. (connect timeout=3.1)'))"
39627832862709473,G,"HTTPSConnectionPool(host='astrosparcl.datalab.noirlab.edu', port=443): Max retries exceeded with url: /api/find/?limit=500 (Caused by ConnectTimeoutError(<HTTPSConnection(host='astrosparcl.datalab.noirlab.edu', port=443) at 0x119719950>, 'Connection to astrosparcl.datalab.noirlab.edu timed out. (connect timeout=3.1)'))"
39627883894803832,G,"HTTPSConnectionPool(host='astrosparcl.datalab.noirlab.edu', port=443): Max retries exceeded with url: /api/find/?limit=500 (Caused by ConnectTimeoutError(<HTTPSConnection(host='astrosparcl.datalab.noirlab.edu', port=443) at 0x119719bd0>, 'Connection to astrosparcl.datalab.noirlab.edu timed out. (connect timeout=3.1)'))"
39628104280315055,G,"HTTPSConnectionPool(host='astrosparcl.datalab.noirlab.edu', port=443): Max retries exceeded with url: /api/find/?limit=500 (Caused by ConnectTimeoutError(<HTTPSConnection(host='astrosparcl.datalab.noirlab.edu', port=443) at 0x119719e50>, 'Connection to astrosparcl.datalab.noirlab.edu timed out. (connect timeout=3.1)'))"
39627974974113281,G,"HTTPSConnectionPool(host='astrosparcl.datalab.noirlab.edu', port=443): Max retries exceeded with url: /api/find/?limit=500 (Caused by ConnectTimeoutError(<HTTPSConnection(host='astrosparcl.datalab.noirlab.edu', port=443) at 0x11971a0d0>, 'Connection to astrosparcl.datalab.noirlab.edu timed out. (connect timeout=3.1)'))"
39628209163079220,G,"HTTPSConnectionPool(host='astrosparcl.datalab.noirlab.edu', port=443): Max retries exceeded with url: /api/find/?limit=500 (Caused by ConnectTimeoutError(<HTTPSConnection(host='astrosparcl.datalab.noirlab.edu', port=443) at 0x11971a350>, 'Connection to astrosparcl.datalab.noirlab.edu timed out. (connect timeout=3.1)'))"
39628270576079376,G,"HTTPSConnectionPool(host='astrosparcl.datalab.noirlab.edu', port=443): Max retries exceeded with url: /api/find/?limit=500 (Caused by ConnectTimeoutError(<HTTPSConnection(host='astrosparcl.datalab.noirlab.edu', port=443) at 0x11971a5d0>, 'Connection to astrosparcl.datalab.noirlab.edu timed out. (connect timeout=3.1)'))"
39632984726308940,G,"HTTPSConnectionPool(host='astrosparcl.datalab.noirlab.edu', port=443): Max retries exceeded with url: /api/find/?limit=500 (Caused by ConnectTimeoutError(<HTTPSConnection(host='astrosparcl.datalab.noirlab.edu', port=443) at 0x11971a710>, 'Connection to astrosparcl.datalab.noirlab.edu timed out. (connect timeout=3.1)'))"
39628512822299840,G,"HTTPSConnectionPool(host='astrosparcl.datalab.noirlab.edu', port=443): Max retries exceeded with url: /api/find/?limit=500 (Caused by ConnectTimeoutError(<HTTPSConnection(host='astrosparcl.datalab.noirlab.edu', port=443) at 0x11971a490>, 'Connection to astrosparcl.datalab.noirlab.edu timed out. (connect timeout=3.1)'))"
39628169027781562,G,"HTTPSConnectionPool(host='astrosparcl.datalab.noirlab.edu', port=443): Max retries exceeded with url: /api/find/?limit=500 (Caused by ConnectTimeoutError(<HTTPSConnection(host='astrosparcl.datalab.noirlab.edu', port=443) at 0x11971a210>, 'Connection to astrosparcl.datalab.noirlab.edu timed out. (connect timeout=3.1)'))"
39628188405474456,G,"HTTPSConnectionPool(host='astrosparcl.datalab.noirlab.edu', port=443): Max retries exceeded with url: /api/find/?limit=500 (Caused by ConnectTimeoutError(<HTTPSConnection(host='astrosparcl.datalab.noirlab.edu', port=443) at 0x119719f90>, 'Connection to astrosparcl.datalab.noirlab.edu timed out. (connect timeout=3.1)'))"
39628139717989197,G,"HTTPSConnectionPool(host='astrosparcl.datalab.noirlab.edu', port=443): Max retries exceeded with url: /api/find/?limit=500 (Caused by ConnectTimeoutError(<HTTPSConnection(host='astrosparcl.datalab.noirlab.edu', port=443) at 0x119719d10>, 'Connection to astrosparcl.datalab.noirlab.edu timed out. (connect timeout=3.1)'))"
39627981479477837,G,"HTTPSConnectionPool(host='astrosparcl.datalab.noirlab.edu', port=443): Max retries exceeded with url: /api/find/?limit=500 (Caused by ConnectTimeoutError(<HTTPSConnection(host='astrosparcl.datalab.noirlab.edu', port=443) at 0x119719a90>, 'Connection to astrosparcl.datalab.noirlab.edu timed out. (connect timeout=3.1)'))"
39627909710742385,G,"HTTPSConnectionPool(host='astrosparcl.datalab.noirlab.edu', port=443): Max retries exceeded with url: /api/find/?limit=500 (Caused by ConnectTimeoutError(<HTTPSConnection(host='astrosparcl.datalab.noirlab.edu', port=443) at 0x119719590>, 'Connection to astrosparcl.datalab.noirlab.edu timed out. (connect timeout=3.1)'))"
39628374800340508,G,"HTTPSConnectionPool(host='astrosparcl.datalab.noirlab.edu', port=443): Max retries exceeded with url: /api/find/?limit=500 (Caused by ConnectTimeoutError(<HTTPSConnection(host='astrosparcl.datalab.noirlab.edu', port=443) at 0x1197196d0>, 'Connection to astrosparcl.datalab.noirlab.edu timed out. (connect timeout=3.1)'))"
39628502298791462,G,"HTTPSConnectionPool(host='astrosparcl.datalab.noirlab.edu', port=443): Max retries exceeded with url: /api/find/?limit=500 (Caused by ConnectTimeoutError(<HTTPSConnection(host='astrosparcl.datalab.noirlab.edu', port=443) at 0x119718a50>, 'Connection to astrosparcl.datalab.noirlab.edu timed out. (connect timeout=3.1)'))"
39628319401970687,G,"HTTPSConnectionPool(host='astrosparcl.datalab.noirlab.edu', port=443): Max retries exceeded with url: /api/find/?limit=500 (Caused by ConnectTimeoutError(<HTTPSConnection(host='astrosparcl.datalab.noirlab.edu', port=443) at 0x119718e10>, 'Connection to astrosparcl.datalab.noirlab.edu timed out. (connect timeout=3.1)'))"
39627988815316327,G,"HTTPSConnectionPool(host='astrosparcl.datalab.noirlab.edu', port=443): Max retries exceeded with url: /api/find/?limit=500 (Caused by ConnectTimeoutError(<HTTPSConnection(host='astrosparcl.datalab.noirlab.edu', port=443) at 0x119718910>, 'Connection to astrosparcl.datalab.noirlab.edu timed out. (connect timeout=3.1)'))"
39627813107539472,G,"HTTPSConnectionPool(host='astrosparcl.datalab.noirlab.edu', port=443): Max retries exceeded with url: /api/find/?limit=500 (Caused by ConnectTimeoutError(<HTTPSConnection(host='astrosparcl.datalab.noirlab.edu', port=443) at 0x119718cd0>, 'Connection to astrosparcl.datalab.noirlab.edu timed out. (connect timeout=3.1)'))"
39628245938733459,G,"HTTPSConnectionPool(host='astrosparcl.datalab.noirlab.edu', port=443): Max retries exceeded with url: /api/find/?limit=500 (Caused by ConnectTimeoutError(<HTTPSConnection(host='astrosparcl.datalab.noirlab.edu', port=443) at 0x11971a990>, 'Connection to astrosparcl.datalab.noirlab.edu timed out. (connect timeout=3.1)'))"
39628018808787448,G,"HTTPSConnectionPool(host='astrosparcl.datalab.noirlab.edu', port=443): Max retries exceeded with url: /api/find/?limit=500 (Caused by ConnectTimeoutError(<HTTPSConnection(host='astrosparcl.datalab.noirlab.edu', port=443) at 0x11971ac10>, 'Connection to astrosparcl.datalab.noirlab.edu timed out. (connect timeout=3.1)'))"
39628065193591320,G,"HTTPSConnectionPool(host='astrosparcl.datalab.noirlab.edu', port=443): Max retries exceeded with url: /api/find/?limit=500 (Caused by ConnectTimeoutError(<HTTPSConnection(host='astrosparcl.datalab.noirlab.edu', port=443) at 0x119719810>, 'Connection to astrosparcl.datalab.noirlab.edu timed out. (connect timeout=3.1)'))"
39628232105921914,G,"HTTPSConnectionPool(host='astrosparcl.datalab.noirlab.edu', port=443): Max retries exceeded with url: /api/find/?limit=500 (Caused by ConnectTimeoutError(<HTTPSConnection(host='astrosparcl.datalab.noirlab.edu', port=443) at 0x11971afd0>, 'Connection to astrosparcl.datalab.noirlab.edu timed out. (connect timeout=3.1)'))"
39628328235171893,G,"HTTPSConnectionPool(host='astrosparcl.datalab.noirlab.edu', port=443): Max retries exceeded with url: /api/find/?limit=500 (Caused by ConnectTimeoutError(<HTTPSConnection(host='astrosparcl.datalab.noirlab.edu', port=443) at 0x11971b110>, 'Connection to astrosparcl.datalab.noirlab.edu timed out. (connect timeout=3.1)'))"
39628153529827424,G,"HTTPSConnectionPool(host='astrosparcl.datalab.noirlab.edu', port=443): Max retries exceeded with url: /api/find/?limit=500 (Caused by ConnectTimeoutError(<HTTPSConnection(host='astrosparcl.datalab.noirlab.edu', port=443) at 0x11971ae90>, 'Connection to astrosparcl.datalab.noirlab.edu timed out. (connect timeout=3.1)'))"
39628497089466908,G,"HTTPSConnectionPool(host='astrosparcl.datalab.noirlab.edu', port=443): Max retries exceeded with url: /api/find/?limit=500 (Caused by ConnectTimeoutError(<HTTPSConnection(host='astrosparcl.datalab.noirlab.edu', port=443) at 0x11971ad50>, 'Connection to astrosparcl.datalab.noirlab.edu timed out. (connect timeout=3.1)'))"
39628364855645863,G,"HTTPSConnectionPool(host='astrosparcl.datalab.noirlab.edu', port=443): Max retries exceeded with url: /api/find/?limit=500 (Caused by ConnectTimeoutError(<HTTPSConnection(host='astrosparcl.datalab.noirlab.edu', port=443) at 0x11971aad0>, 'Connection to astrosparcl.datalab.noirlab.edu timed out. (connect timeout=3.1)'))"
39628091240220630,G,"HTTPSConnectionPool(host='astrosparcl.datalab.noirlab.edu', port=443): Max retries exceeded with url: /api/find/?limit=500 (Caused by ConnectTimeoutError(<HTTPSConnection(host='astrosparcl.datalab.noirlab.edu', port=443) at 0x11971a850>, 'Connection to astrosparcl.datalab.noirlab.edu timed out. (connect timeout=3.1)'))"
39628059275428037,G,"HTTPSConnectionPool(host='astrosparcl.datalab.noirlab.edu', port=443): Max retries exceeded with url: /api/find/?limit=500 (Caused by ConnectTimeoutError(<HTTPSConnection(host='astrosparcl.datalab.noirlab.edu', port=443) at 0x1197191d0>, 'Connection to astrosparcl.datalab.noirlab.edu timed out. (connect timeout=3.1)'))"
39627959702652038,G,"HTTPSConnectionPool(host='astrosparcl.datalab.noirlab.edu', port=443): Max retries exceeded with url: /api/find/?limit=500 (Caused by ConnectTimeoutError(<HTTPSConnection(host='astrosparcl.datalab.noirlab.edu', port=443) at 0x119718f50>, 'Connection to astrosparcl.datalab.noirlab.edu timed out. (connect timeout=3.1)'))"
39628118025047125,G,"HTTPSConnectionPool(host='astrosparcl.datalab.noirlab.edu', port=443): Max retries exceeded with url: /api/find/?limit=500 (Caused by ConnectTimeoutError(<HTTPSConnection(host='astrosparcl.datalab.noirlab.edu', port=443) at 0x119718190>, 'Connection to astrosparcl.datalab.noirlab.edu timed out. (connect timeout=3.1)'))"
39627624837811848,G,"HTTPSConnectionPool(host='astrosparcl.datalab.noirlab.edu', port=443): Max retries exceeded with url: /api/find/?limit=500 (Caused by ConnectTimeoutError(<HTTPSConnection(host='astrosparcl.datalab.noirlab.edu', port=443) at 0x119718050>, 'Connection to astrosparcl.datalab.noirlab.edu timed out. (connect timeout=3.1)'))"
39627781537009584,G,"HTTPSConnectionPool(host='astrosparcl.datalab.noirlab.edu', port=443): Max retries exceeded with url: /api/find/?limit=500 (Caused by ConnectTimeoutError(<HTTPSConnection(host='astrosparcl.datalab.noirlab.edu', port=443) at 0x119719310>, 'Connection to astrosparcl.datalab.noirlab.edu timed out. (connect timeout=3.1)'))"
39628285646212488,G,"HTTPSConnectionPool(host='astrosparcl.datalab.noirlab.edu', port=443): Max retries exceeded with url: /api/find/?limit=500 (Caused by ConnectTimeoutError(<HTTPSConnection(host='astrosparcl.datalab.noirlab.edu', port=443) at 0x119719950>, 'Connection to astrosparcl.datalab.noirlab.edu timed out. (connect timeout=3.1)'))"
39628418194608228,G,"HTTPSConnectionPool(host='astrosparcl.datalab.noirlab.edu', port=443): Max retries exceeded with url: /api/find/?limit=500 (Caused by ConnectTimeoutError(<HTTPSConnection(host='astrosparcl.datalab.noirlab.edu', port=443) at 0x119719bd0>, 'Connection to astrosparcl.datalab.noirlab.edu timed out. (connect timeout=3.1)'))"
39628441582044325,G,"HTTPSConnectionPool(host='astrosparcl.datalab.noirlab.edu', port=443): Max retries exceeded with url: /api/find/?limit=500 (Caused by ConnectTimeoutError(<HTTPSConnection(host='astrosparcl.datalab.noirlab.edu', port=443) at 0x119719e50>, 'Connection to astrosparcl.datalab.noirlab.edu timed out. (connect timeout=3.1)'))"
39628458690610471,G,"HTTPSConnectionPool(host='astrosparcl.datalab.noirlab.edu', port=443): Max retries exceeded with url: /api/find/?limit=500 (Caused by ConnectTimeoutError(<HTTPSConnection(host='astrosparcl.datalab.noirlab.edu', port=443) at 0x11971a0d0>, 'Connection to astrosparcl.datalab.noirlab.edu timed out. (connect timeout=3.1)'))"
39628063113220001,G,"HTTPSConnectionPool(host='astrosparcl.datalab.noirlab.edu', port=443): Max retries exceeded with url: /api/find/?limit=500 (Caused by ConnectTimeoutError(<HTTPSConnection(host='astrosparcl.datalab.noirlab.edu', port=443) at 0x11971a350>, 'Connection to astrosparcl.datalab.noirlab.edu timed out. (connect timeout=3.1)'))"
39628228695953789,G,"HTTPSConnectionPool(host='astrosparcl.datalab.noirlab.edu', port=443): Max retries exceeded with url: /api/find/?limit=500 (Caused by ConnectTimeoutError(<HTTPSConnection(host='astrosparcl.datalab.noirlab.edu', port=443) at 0x11971a5d0>, 'Connection to astrosparcl.datalab.noirlab.edu timed out. (connect timeout=3.1)'))"
39627854475954246,G,"HTTPSConnectionPool(host='astrosparcl.datalab.noirlab.edu', port=443): Max retries exceeded with url: /api/find/?limit=500 (Caused by ConnectTimeoutError(<HTTPSConnection(host='astrosparcl.datalab.noirlab.edu', port=443) at 0x11971a710>, 'Connection to astrosparcl.datalab.noirlab.edu timed out. (connect timeout=3.1)'))"
39627968581993792,G,"HTTPSConnectionPool(host='astrosparcl.datalab.noirlab.edu', port=443): Max retries exceeded with url: /api/find/?limit=500 (Caused by ConnectTimeoutError(<HTTPSConnection(host='astrosparcl.datalab.noirlab.edu', port=443) at 0x11971a490>, 'Connection to astrosparcl.datalab.noirlab.edu timed out. (connect timeout=3.1)'))"
39628172228037000,G,"HTTPSConnectionPool(host='astrosparcl.datalab.noirlab.edu', port=443): Max retries exceeded with url: /api/find/?limit=500 (Caused by ConnectTimeoutError(<HTTPSConnection(host='astrosparcl.datalab.noirlab.edu', port=443) at 0x11971a210>, 'Connection to astrosparcl.datalab.noirlab.edu timed out. (connect timeout=3.1)'))"
39627787283204937,G,"HTTPSConnectionPool(host='astrosparcl.datalab.noirlab.edu', port=443): Max retries exceeded with url: /api/find/?limit=500 (Caused by ConnectTimeoutError(<HTTPSConnection(host='astrosparcl.datalab.noirlab.edu', port=443) at 0x119719f90>, 'Connection to astrosparcl.datalab.noirlab.edu timed out. (connect timeout=3.1)'))"
39633001545466504,G,"HTTPSConnectionPool(host='astrosparcl.datalab.noirlab.edu', port=443): Max retries exceeded with url: /api/find/?limit=500 (Caused by ConnectTimeoutError(<HTTPSConnection(host='astrosparcl.datalab.noirlab.edu', port=443) at 0x119719d10>, 'Connection to astrosparcl.datalab.noirlab.edu timed out. (connect timeout=3.1)'))"
39628362271950850,G,"HTTPSConnectionPool(host='astrosparcl.datalab.noirlab.edu', port=443): Max retries exceeded with url: /api/find/?limit=500 (Caused by ConnectTimeoutError(<HTTPSConnection(host='astrosparcl.datalab.noirlab.edu', port=443) at 0x119719a90>, 'Connection to astrosparcl.datalab.noirlab.edu timed out. (connect timeout=3.1)'))"
39628211105039903,G,"HTTPSConnectionPool(host='astrosparcl.datalab.noirlab.edu', port=443): Max retries exceeded with url: /api/find/?limit=500 (Caused by ConnectTimeoutError(<HTTPSConnection(host='astrosparcl.datalab.noirlab.edu', port=443) at 0x119719590>, 'Connection to astrosparcl.datalab.noirlab.edu timed out. (connect timeout=3.1)'))"
39627969739621581,G,"HTTPSConnectionPool(host='astrosparcl.datalab.noirlab.edu', port=443): Max retries exceeded with url: /api/find/?limit=500 (Caused by ConnectTimeoutError(<HTTPSConnection(host='astrosparcl.datalab.noirlab.edu', port=443) at 0x1197196d0>, 'Connection to astrosparcl.datalab.noirlab.edu timed out. (connect timeout=3.1)'))"
39627927402317856,G,"HTTPSConnectionPool(host='astrosparcl.datalab.noirlab.edu', port=443): Max retries exceeded with url: /api/find/?limit=500 (Caused by ConnectTimeoutError(<HTTPSConnection(host='astrosparcl.datalab.noirlab.edu', port=443) at 0x119718a50>, 'Connection to astrosparcl.datalab.noirlab.edu timed out. (connect timeout=3.1)'))"
39627966048636056,G,"HTTPSConnectionPool(host='astrosparcl.datalab.noirlab.edu', port=443): Max retries exceeded with url: /api/find/?limit=500 (Caused by ConnectTimeoutError(<HTTPSConnection(host='astrosparcl.datalab.noirlab.edu', port=443) at 0x119718e10>, 'Connection to astrosparcl.datalab.noirlab.edu timed out. (connect timeout=3.1)'))"
39628077118001201,G,"HTTPSConnectionPool(host='astrosparcl.datalab.noirlab.edu', port=443): Max retries exceeded with url: /api/find/?limit=500 (Caused by ConnectTimeoutError(<HTTPSConnection(host='astrosparcl.datalab.noirlab.edu', port=443) at 0x119718910>, 'Connection to astrosparcl.datalab.noirlab.edu timed out. (connect timeout=3.1)'))"
39628217174201187,G,"HTTPSConnectionPool(host='astrosparcl.datalab.noirlab.edu', port=443): Read timed out. (read timeout=3.1)"
39628369284831788,G,"[RTIMEOUT] Try increasing the value of the ""read_timeout"" parameter to ""SparclClient()"". The current values is: 5400.0 (seconds)HTTPSConnectionPool(host='astrosparcl.datalab.noirlab.edu', port=443): Read timed out. (read timeout=3.1)"
39628151227157995,G,"HTTPSConnectionPool(host='astrosparcl.datalab.noirlab.edu', port=443): Read timed out. (read timeout=3.1)"
39633170924046647,G,"HTTPSConnectionPool(host='astrosparcl.datalab.noirlab.edu', port=443): Read timed out. (read timeout=3.1)"
39627867348275330,G,"[RTIMEOUT] Try increasing the value of the ""read_timeout"" parameter to ""SparclClient()"". The current values is: 5400.0 (seconds)HTTPSConnectionPool(host='astrosparcl.datalab.noirlab.edu', port=443): Read timed out. (read timeout=3.1)"
39627963628523242,G,"HTTPSConnectionPool(host='astrosparcl.datalab.noirlab.edu', port=443): Read timed out. (read timeout=3.1)"
39633103534166038,G,"HTTPSConnectionPool(host='astrosparcl.datalab.noirlab.edu', port=443): Read timed out. (read timeout=3.1)"
39628319158701652,G,"[RTIMEOUT] Try increasing the value of the ""read_timeout"" parameter to ""SparclClient()"". The current values is: 5400.0 (seconds)HTTPSConnectionPool(host='astrosparcl.datalab.noirlab.edu', port=443): Read timed out. (read timeout=3.1)"
39628257338859756,G,"HTTPSConnectionPool(host='astrosparcl.datalab.noirlab.edu', port=443): Read timed out. (read timeout=3.1)"
39628245926158924,G,"HTTPSConnectionPool(host='astrosparcl.datalab.noirlab.edu', port=443): Read timed out. (read timeout=3.1)"
39628232168837603,G,"[RTIMEOUT] Try increasing the value of the ""read_timeout"" parameter to ""SparclClient()"". The current values is: 5400.0 (seconds)HTTPSConnectionPool(host='astrosparcl.datalab.noirlab.edu', port=443): Read timed out. (read timeout=3.1)"
39628518362979401,G,"HTTPSConnectionPool(host='astrosparcl.datalab.noirlab.edu', port=443): Max retries exceeded with url: /api/find/?limit=500 (Caused by ConnectTimeoutError(<HTTPSConnection(host='astrosparcl.datalab.noirlab.edu', port=443) at 0x119718a50>, 'Connection to astrosparcl.datalab.noirlab.edu timed out. (connect timeout=3.1)'))"
39633090791868502,G,"HTTPSConnectionPool(host='astrosparcl.datalab.noirlab.edu', port=443): Max retries exceeded with url: /api/find/?limit=500 (Caused by ConnectTimeoutError(<HTTPSConnection(host='astrosparcl.datalab.noirlab.edu', port=443) at 0x119719310>, 'Connection to astrosparcl.datalab.noirlab.edu timed out. (connect timeout=3.1)'))"
39627827624023009,G,"HTTPSConnectionPool(host='astrosparcl.datalab.noirlab.edu', port=443): Max retries exceeded with url: /api/find/?limit=500 (Caused by ConnectTimeoutError(<HTTPSConnection(host='astrosparcl.datalab.noirlab.edu', port=443) at 0x119718f50>, 'Connection to astrosparcl.datalab.noirlab.edu timed out. (connect timeout=3.1)'))"
39627860289259634,G,"HTTPSConnectionPool(host='astrosparcl.datalab.noirlab.edu', port=443): Max retries exceeded with url: /api/find/?limit=500 (Caused by ConnectTimeoutError(<HTTPSConnection(host='astrosparcl.datalab.noirlab.edu', port=443) at 0x119719950>, 'Connection to astrosparcl.datalab.noirlab.edu timed out. (connect timeout=3.1)'))"
39628232097533293,G,"HTTPSConnectionPool(host='astrosparcl.datalab.noirlab.edu', port=443): Max retries exceeded with url: /api/find/?limit=500 (Caused by ConnectTimeoutError(<HTTPSConnection(host='astrosparcl.datalab.noirlab.edu', port=443) at 0x119719bd0>, 'Connection to astrosparcl.datalab.noirlab.edu timed out. (connect timeout=3.1)'))"
39627648195888653,G,"[RTIMEOUT] Try increasing the value of the ""read_timeout"" parameter to ""SparclClient()"". The current values is: 5400.0 (seconds)HTTPSConnectionPool(host='astrosparcl.datalab.noirlab.edu', port=443): Read timed out. (read timeout=3.1)"
39628436196557120,G,"HTTPSConnectionPool(host='astrosparcl.datalab.noirlab.edu', port=443): Read timed out. (read timeout=3.1)"
39627877741757753,K,"[RTIMEOUT] Try increasing the value of the ""read_timeout"" parameter to ""SparclClient()"". The current values is: 5400.0 (seconds)HTTPSConnectionPool(host='astrosparcl.datalab.noirlab.edu', port=443): Read timed out. (read timeout=3.1)"
39627868644315772,K,"HTTPSConnectionPool(host='astrosparcl.datalab.noirlab.edu', port=443): Read timed out. (read timeout=3.1)"
39627865645388335,K,"HTTPSConnectionPool(host='astrosparcl.datalab.noirlab.edu', port=443): Read timed out. (read timeout=3.1)"
39627923816186730,K,"HTTPSConnectionPool(host='astrosparcl.datalab.noirlab.edu', port=443): Read timed out. (read timeout=3.1)"
39627931726644494,K,"HTTPSConnectionPool(host='astrosparcl.datalab.noirlab.edu', port=443): Read timed out. (read timeout=3.1)"
39627915729568088,K,"HTTPSConnectionPool(host='astrosparcl.datalab.noirlab.edu', port=443): Read timed out. (read timeout=3.1)"
39627835744191379,K,"[RTIMEOUT] Try increasing the value of the ""read_timeout"" parameter to ""SparclClient()"". The current values is: 5400.0 (seconds)HTTPSConnectionPool(host='astrosparcl.datalab.noirlab.edu', port=443): Read timed out. (read timeout=3.1)"
